Card number,First Name,Home Address,Last Login Date,Last Name,Mobile number,Payment Card,UUID
4111 1234 5678 1000,John,123 Main St Apt 101,2023-10-24,Smith,555-123-4567,Visa,0
5111 2345 6789 2000,Jane,456 Elm St Unit 202,2023-10-23,Johnson,555-234-5678,Mastercard,1
2000 1111 1111 1111,Michael,789 Oak St,2023-10-22,Williams,555-345-6789,Paypal,2
4222 3333 4444 5000,Emily,101 Pine St Apt 303,2023-10-21,Brown,555-456-7890,Visa,3
5333 4444 5555 6000,David,234 Cedar St Unit 404,2023-10-20,Anderson,555-567-8901,Mastercard,4
3000 1111 1111 1111,Sarah,567 Maple St,2023-10-19,Davis,555-678-9012,Paypal,5
5444 5555 6666 7000,James,890 Birch St Apt 505,2023-10-18,Wilson,555-789-0123,Visa,6
5555 6666 7777 8000,Laura,1234 Redwood St Unit 606,2023-10-17,Moore,555-890-1234,Mastercard,7
4000 1111 1111 1111,Matthew,4567 Cedar St,2023-10-16,Lee,555-901-2345,Paypal,8
5666 7777 8888 9000,Olivia,7890 Oak St Apt 707,2023-10-15,Clark,555-012-3456,Visa,9
5777 8888 9999 0000,Christopher,1011 Birch St Unit 808,2023-10-14,Hall,555-123-4567,Mastercard,10
5000 1111 1111 1111,Anna,123 Elm St Apt 909,2023-10-13,Roberts,555-234-5678,Paypal,11
5888 9999 0000 1000,William,456 Pine St,2023-10-12,Martin,555-345-6789,Visa,12
5999 0000 1111 2000,Grace,789 Maple St Unit 1010,2023-10-11,Taylor,555-456-7890,Mastercard,13
6000 1111 1111 1111,Andrew,101 Oak St Apt 1111,2023-10-10,White,555-567-8901,Paypal,14
6111 2222 3333 4000,Elizabeth,234 Cedar St Unit 1212,2023-10-09,Harris,555-678-9012,Visa,15
6222 3333 4444 5000,Thomas,567 Redwood St,2023-10-08,Miller,555-789-0123,Mastercard,16
6333 4444 5555 6000,Sophia,890 Elm St Apt 1313,2023-10-07,King,555-012-3456,Paypal,17
6444 5555 6666 7000,Joseph,1234 Birch St Unit 1414,2023-10-06,Adams,555-123-4567,Visa,18
6555 6666 7777 8000,Isabella,4567 Pine St,2023-10-05,Hill,555-234-5678,Mastercard,19
6666 7777 8888 9000,Daniel,7890 Redwood St Apt 1515,2023-10-04,Turner,555-345-6789,Paypal,20
6777 8888 9999 0000,Oliver,1011 Cedar St Unit 1616,2023-10-03,Scott,555-456-7890,Visa,21
6888 9999 0000 1000,Lucy,234 Oak St,2023-10-02,Walker,555-567-8901,Mastercard,22
7000 1111 1111 1111,Jack,567 Elm St Apt 1717,2023-10-01,Bailey,555-678-9012,Paypal,23
7111 2222 3333 2000,Amelia,890 Maple St Unit 1818,2023-09-30,Hall,555-012-3456,Visa,24
7222 3333 4444 3000,William,123 Redwood St,2023-09-29,Wright,555-123-4567,Mastercard,25
7333 4444 5555 4000,Sophia,456 Pine St Apt 1919,2023-09-28,Evans,555-234-5678,Paypal,26
7444 5555 6666 5000,Oliver,789 Cedar St Unit 2020,2023-09-27,King,555-345-6789,Visa,27
7555 6666 7777 6000,Emily,101 Elm St,2023-09-26,Brown,555-456-7890,Mastercard,28
7666 7777 8888 7000,Amelia,234 Oak St Apt 2121,2023-09-25,Turner,555-567-8901,Paypal,29
7777 8888 9999 8000,James,567 Redwood St Unit 2222,2023-09-24,Roberts,555-678-9012,Visa,30
7888 9999 0000 9000,Elizabeth,890 Maple St,2023-09-23,Harris,555-012-3456,Mastercard,31
8000 1111 1111 0000,John,123 Main St Apt 2323,2023-09-22,Smith,555-123-4567,Paypal,32
8111 2222 3333 1000,Jane,456 Elm St Unit 2424,2023-09-21,Taylor,555-234-5678,Visa,33
8222 3333 4444 2000,Michael,789 Oak St,2023-09-20,Moore,555-345-6789,Mastercard,34
8333 4444 5555 3000,Emily,101 Pine St Apt 2525,2023-09-19,Clark,555-456-7890,Paypal,35
8444 5555 6666 4000,David,234 Cedar St Unit 2626,2023-09-18,Davis,555-567-8901,Visa,36
8555 6666 7777 5000,Sarah,567 Maple St,2023-09-17,Hall,555-678-9012,Mastercard,37
8666 7777 8888 6000,James,890 Birch St Apt 2727,2023-09-16,Miller,555-789-0123,Paypal,38
8777 8888 9999 7000,Laura,1234 Redwood St Unit 2828,2023-09-15,Anderson,555-890-1234,Visa,39
8888 9999 0000 8000,Matthew,4567 Cedar St,2023-09-14,White,555-901-2345,Mastercard,40
9000 1111 1111 9000,Olivia,7890 Oak St Apt 2929,2023-09-13,Hill,555-012-3456,Paypal,41
9111 2222 3333 1000,Christopher,1011 Birch St Unit 3030,2023-09-12,Roberts,555-123-4567,Visa,42
9222 3333 4444 2000,Anna,123 Elm St Apt 3131,2023-09-11,Johnson,555-234-5678,Mastercard,43
9333 4444 5555 3000,William,456 Pine St Unit 3232,2023-09-10,Scott,555-345-6789,Paypal,44
9444 5555 6666 4000,Grace,789 Maple St Apt 3333,2023-09-09,Davis,555-456-7890,Visa,45
9555 6666 7777 5000,Andrew,101 Oak St Unit 3434,2023-09-08,Walker,555-567-8901,Mastercard,46
9666 7777 8888 6000,Elizabeth,234 Redwood St Apt 3535,2023-09-07,Miller,555-678-9012,Paypal,47
9777 8888 9999 7000,Thomas,567 Elm St Unit 3636,2023-09-06,King,555-789-0123,Visa,48
9888 9999 0000 8000,Sophia,890 Oak St Apt 3737,2023-09-05,Bailey,555-890-1234,Mastercard,49
9999 0000 1111 9000,Joseph,1234 Birch St,2023-09-04,Wright,555-901-2345,Paypal,50
1000 1111 2222 1001,Oliver,4567 Cedar St Unit 3838,2023-09-03,Johnson,555-012-3456,Visa,51
2001 1111 2222 2002,Lucy,7890 Pine St Apt 3939,2023-09-02,Moore,555-123-4567,Mastercard,52
3002 1111 2222 3003,Jack,1011 Redwood St,2023-09-01,Wilson,555-234-5678,Paypal,53
4003 1111 2222 4004,Amelia,234 Cedar St Unit 4040,2023-08-31,Taylor,555-345-6789,Visa,54
5004 1111 2222 5005,Oliver,567 Elm St Apt 4141,2023-08-30,Hall,555-456-7890,Mastercard,55
6005 1111 2222 6006,Lucy,890 Birch St,2023-08-29,Roberts,555-567-8901,Paypal,56
7006 1111 2222 7007,Jack,1234 Oak St Unit 4242,2023-08-28,Walker,555-678-9012,Visa,57
8007 1111 2222 8008,Amelia,456 Redwood St Apt 4343,2023-08-27,King,555-789-0123,Mastercard,58
9008 1111 2222 9009,Oliver,789 Maple St Unit 4444,2023-08-26,Wright,555-890-1234,Paypal,59
1009 1111 2222 1000,Lucy,101 Pine St,2023-08-25,Evans,555-901-2345,Visa,60
2000 2222 3333 2001,Jack,234 Cedar St Apt 4545,2023-08-24,Davis,555-012-3456,Mastercard,61
3001 2222 3333 3002,Amelia,567 Elm St Unit 4646,2023-08-23,Miller,555-123-4567,Paypal,62
4002 2222 3333 4003,Oliver,890 Birch St Apt 4747,2023-08-22,Scott,555-234-5678,Visa,63
5003 2222 3333 5004,Lucy,1234 Oak St,2023-08-21,Harris,555-345-6789,Mastercard,64
6004 2222 3333 6005,Jack,456 Redwood St Unit 4848,2023-08-20,Turner,555-456-7890,Paypal,65
7005 2222 3333 7006,Amelia,789 Cedar St Apt 4949,2023-08-19,Roberts,555-567-8901,Visa,66
8006 2222 3333 8007,Oliver,1011 Pine St,2023-08-18,Walker,555-678-9012,Mastercard,67
9007 2222 3333 9008,Lucy,234 Elm St Unit 5050,2023-08-17,Smith,555-789-0123,Paypal,68
1008 2222 3333 1009,Jack,567 Maple St Apt 5151,2023-08-16,Johnson,555-890-1234,Visa,69
2009 2222 3333 2000,Amelia,890 Cedar St Unit 5252,2023-08-15,Williams,555-901-2345,Mastercard,70
3000 3333 4444 3001,Oliver,123 Elm St,2023-08-14,King,555-012-3456,Paypal,71
4001 3333 4444 4002,Lucy,456 Cedar St Apt 5353,2023-08-13,Moore,555-123-4567,Visa,72
5002 3333 4444 5003,Jack,789 Birch St Unit 5454,2023-08-12,Taylor,555-234-5678,Mastercard,73
6003 3333 4444 6004,Amelia,1011 Oak St,2023-08-11,Hall,555-345-6789,Paypal,74
7004 3333 4444 7005,Oliver,234 Maple St Apt 5555,2023-08-10,Miller,555-456-7890,Visa,75
8005 3333 4444 8006,Lucy,567 Redwood St Unit 5656,2023-08-09,Scott,555-567-8901,Mastercard,76
9006 3333 4444 9007,Jack,890 Elm St Apt 5757,2023-08-08,Turner,555-678-9012,Paypal,77
1007 3333 4444 1008,Amelia,1234 Oak St Unit 5858,2023-08-07,Walker,555-789-0123,Visa,78
2008 3333 4444 2009,Oliver,456 Maple St Apt 5959,2023-08-06,Evans,555-890-1234,Mastercard,79
3009 3333 4444 3000,Lucy,789 Cedar St Unit 6060,2023-08-05,Roberts,555-901-2345,Paypal,80
4000 4444 5555 4001,Jack,1011 Elm St,2023-08-04,Smith,555-012-3456,Visa,81
5001 4444 5555 5002,Amelia,234 Redwood St Apt 6161,2023-08-03,Williams,555-123-4567,Mastercard,82
6002 4444 5555 6003,Oliver,567 Cedar St Unit 6262,2023-08-02,Johnson,555-234-5678,Paypal,83
7003 4444 5555 7004,Lucy,890 Elm St Apt 6363,2023-08-01,Hall,555-345-6789,Visa,84
8004 4444 5555 8005,Jack,1234 Oak St Unit 6464,2023-07-31,King,555-456-7890,Mastercard,85
9005 4444 5555 9006,Amelia,456 Birch St Apt 6565,2023-07-30,Moore,555-567-8901,Paypal,86
1006 4444 5555 1007,Oliver,789 Pine St Unit 6666,2023-07-29,Turner,555-678-9012,Visa,87
2007 4444 5555 2008,Lucy,1011 Cedar St,2023-07-28,Wilson,555-789-0123,Mastercard,88
3008 4444 5555 3009,Jack,234 Elm St Apt 6767,2023-07-27,Scott,555-890-1234,Paypal,89
4009 4444 5555 4000,Amelia,567 Redwood St Unit 6868,2023-07-26,Roberts,555-901-2345,Visa,90
5000 5555 6666 5001,Oliver,890 Oak St Apt 6969,2023-07-25,Brown,555-012-3456,Mastercard,91
6001 5555 6666 6002,Lucy,123 Elm St Unit 7070,2023-07-24,Adams,555-123-4567,Paypal,92
7002 5555 6666 7003,Jack,456 Cedar St Apt 7171,2023-07-23,Walker,555-234-5678,Visa,93
8003 5555 6666 8004,Amelia,789 Redwood St Unit 7272,2023-07-22,Hall,555-345-6789,Mastercard,94
9004 5555 6666 9005,Oliver,1011 Pine St Apt 7373,2023-07-21,King,555-456-7890,Paypal,95
1005 5555 6666 1006,Lucy,234 Cedar St Unit 7474,2023-07-20,Smith,555-567-8901,Visa,96
2006 5555 6666 2007,Jack,567 Elm St Apt 7575,2023-07-19,Johnson,555-678-9012,Mastercard,97
3007 5555 6666 3008,Amelia,890 Birch St Unit 7676,2023-07-18,Williams,555-789-0123,Paypal,98
4008 5555 6666 4009,Oliver,1234 Oak St Apt 7777,2023-07-17,Miller,555-890-1234,Visa,99
