UUID,First Name,Last Name,Home Address,Mobile number,Last Login Date,Payment Card,Card number
0,John,Smith,123 Main St Apt 101,555-123-4567,2023-10-24,Visa,4111 1234 5678 1000
1,Jane,Johnson,456 Elm St Unit 202,555-234-5678,2023-10-23,Mastercard,5111 2345 6789 2000
2,Michael,Williams,789 Oak St,555-345-6789,2023-10-22,Paypal,2000 1111 1111 1111
3,Emily,Brown,101 Pine St Apt 303,555-456-7890,2023-10-21,Visa,4222 3333 4444 5000
4,David,Anderson,234 Cedar St Unit 404,555-567-8901,2023-10-20,Mastercard,5333 4444 5555 6000
5,Sarah,Davis,567 Maple St,555-678-9012,2023-10-19,Paypal,3000 1111 1111 1111
6,James,Wilson,890 Birch St Apt 505,555-789-0123,2023-10-18,Visa,5444 5555 6666 7000
7,Laura,Moore,1234 Redwood St Unit 606,555-890-1234,2023-10-17,Mastercard,5555 6666 7777 8000
8,Matthew,Lee,4567 Cedar St,555-901-2345,2023-10-16,Paypal,4000 1111 1111 1111
9,Olivia,Clark,7890 Oak St Apt 707,555-012-3456,2023-10-15,Visa,5666 7777 8888 9000
10,Christopher,Hall,1011 Birch St Unit 808,555-123-4567,2023-10-14,Mastercard,5777 8888 9999 0000
11,Anna,Roberts,123 Elm St Apt 909,555-234-5678,2023-10-13,Paypal,5000 1111 1111 1111
12,William,Martin,456 Pine St,555-345-6789,2023-10-12,Visa,5888 9999 0000 1000
13,Grace,Taylor,789 Maple St Unit 1010,555-456-7890,2023-10-11,Mastercard,5999 0000 1111 2000
14,Andrew,White,101 Oak St Apt 1111,555-567-8901,2023-10-10,Paypal,6000 1111 1111 1111
15,Elizabeth,Harris,234 Cedar St Unit 1212,555-678-9012,2023-10-09,Visa,6111 2222 3333 4000
16,Thomas,Miller,567 Redwood St,555-789-0123,2023-10-08,Mastercard,6222 3333 4444 5000
17,Sophia,King,890 Elm St Apt 1313,555-012-3456,2023-10-07,Paypal,6333 4444 5555 6000
18,Joseph,Adams,1234 Birch St Unit 1414,555-123-4567,2023-10-06,Visa,6444 5555 6666 7000
19,Isabella,Hill,4567 Pine St,555-234-5678,2023-10-05,Mastercard,6555 6666 7777 8000
20,Daniel,Turner,7890 Redwood St Apt 1515,555-345-6789,2023-10-04,Paypal,6666 7777 8888 9000
21,Oliver,Scott,1011 Cedar St Unit 1616,555-456-7890,2023-10-03,Visa,6777 8888 9999 0000
22,Lucy,Walker,234 Oak St,555-567-8901,2023-10-02,Mastercard,6888 9999 0000 1000
23,Jack,Bailey,567 Elm St Apt 1717,555-678-9012,2023-10-01,Paypal,7000 1111 1111 1111
24,Amelia,Hall,890 Maple St Unit 1818,555-012-3456,2023-09-30,Visa,7111 2222 3333 2000
25,William,Wright,123 Redwood St,555-123-4567,2023-09-29,Mastercard,7222 3333 4444 3000
26,Sophia,Evans,456 Pine St Apt 1919,555-234-5678,2023-09-28,Paypal,7333 4444 5555 4000
27,Oliver,King,789 Cedar St Unit 2020,555-345-6789,2023-09-27,Visa,7444 5555 6666 5000
28,Emily,Brown,101 Elm St,555-456-7890,2023-09-26,Mastercard,7555 6666 7777 6000
29,Amelia,Turner,234 Oak St Apt 2121,555-567-8901,2023-09-25,Paypal,7666 7777 8888 7000
30,James,Roberts,567 Redwood St Unit 2222,555-678-9012,2023-09-24,Visa,7777 8888 9999 8000
31,Elizabeth,Harris,890 Maple St,555-012-3456,2023-09-23,Mastercard,7888 9999 0000 9000
32,John,Smith,123 Main St Apt 2323,555-123-4567,2023-09-22,Paypal,8000 1111 1111 0000
33,Jane,Taylor,456 Elm St Unit 2424,555-234-5678,2023-09-21,Visa,8111 2222 3333 1000
34,Michael,Moore,789 Oak St,555-345-6789,2023-09-20,Mastercard,8222 3333 4444 2000
35,Emily,Clark,101 Pine St Apt 2525,555-456-7890,2023-09-19,Paypal,8333 4444 5555 3000
36,David,Davis,234 Cedar St Unit 2626,555-567-8901,2023-09-18,Visa,8444 5555 6666 4000
37,Sarah,Hall,567 Maple St,555-678-9012,2023-09-17,Mastercard,8555 6666 7777 5000
38,James,Miller,890 Birch St Apt 2727,555-789-0123,2023-09-16,Paypal,8666 7777 8888 6000
39,Laura,Anderson,1234 Redwood St Unit 2828,555-890-1234,2023-09-15,Visa,8777 8888 9999 7000
40,Matthew,White,4567 Cedar St,555-901-2345,2023-09-14,Mastercard,8888 9999 0000 8000
41,Olivia,Hill,7890 Oak St Apt 2929,555-012-3456,2023-09-13,Paypal,9000 1111 1111 9000
42,Christopher,Roberts,1011 Birch St Unit 3030,555-123-4567,2023-09-12,Visa,9111 2222 3333 1000
43,Anna,Johnson,123 Elm St Apt 3131,555-234-5678,2023-09-11,Mastercard,9222 3333 4444 2000
44,William,Scott,456 Pine St Unit 3232,555-345-6789,2023-09-10,Paypal,9333 4444 5555 3000
45,Grace,Davis,789 Maple St Apt 3333,555-456-7890,2023-09-09,Visa,9444 5555 6666 4000
46,Andrew,Walker,101 Oak St Unit 3434,555-567-8901,2023-09-08,Mastercard,9555 6666 7777 5000
47,Elizabeth,Miller,234 Redwood St Apt 3535,555-678-9012,2023-09-07,Paypal,9666 7777 8888 6000
48,Thomas,King,567 Elm St Unit 3636,555-789-0123,2023-09-06,Visa,9777 8888 9999 7000
49,Sophia,Bailey,890 Oak St Apt 3737,555-890-1234,2023-09-05,Mastercard,9888 9999 0000 8000
50,Joseph,Wright,1234 Birch St,555-901-2345,2023-09-04,Paypal,9999 0000 1111 9000
51,Oliver,Johnson,4567 Cedar St Unit 3838,555-012-3456,2023-09-03,Visa,1000 1111 2222 1001
52,Lucy,Moore,7890 Pine St Apt 3939,555-123-4567,2023-09-02,Mastercard,2001 1111 2222 2002
53,Jack,Wilson,1011 Redwood St,555-234-5678,2023-09-01,Paypal,3002 1111 2222 3003
54,Amelia,Taylor,234 Cedar St Unit 4040,555-345-6789,2023-08-31,Visa,4003 1111 2222 4004
55,Oliver,Hall,567 Elm St Apt 4141,555-456-7890,2023-08-30,Mastercard,5004 1111 2222 5005
56,Lucy,Roberts,890 Birch St,555-567-8901,2023-08-29,Paypal,6005 1111 2222 6006
57,Jack,Walker,1234 Oak St Unit 4242,555-678-9012,2023-08-28,Visa,7006 1111 2222 7007
58,Amelia,King,456 Redwood St Apt 4343,555-789-0123,2023-08-27,Mastercard,8007 1111 2222 8008
59,Oliver,Wright,789 Maple St Unit 4444,555-890-1234,2023-08-26,Paypal,9008 1111 2222 9009
60,Lucy,Evans,101 Pine St,555-901-2345,2023-08-25,Visa,1009 1111 2222 1000
61,Jack,Davis,234 Cedar St Apt 4545,555-012-3456,2023-08-24,Mastercard,2000 2222 3333 2001
62,Amelia,Miller,567 Elm St Unit 4646,555-123-4567,2023-08-23,Paypal,3001 2222 3333 3002
63,Oliver,Scott,890 Birch St Apt 4747,555-234-5678,2023-08-22,Visa,4002 2222 3333 4003
64,Lucy,Harris,1234 Oak St,555-345-6789,2023-08-21,Mastercard,5003 2222 3333 5004
65,Jack,Turner,456 Redwood St Unit 4848,555-456-7890,2023-08-20,Paypal,6004 2222 3333 6005
66,Amelia,Roberts,789 Cedar St Apt 4949,555-567-8901,2023-08-19,Visa,7005 2222 3333 7006
67,Oliver,Walker,1011 Pine St,555-678-9012,2023-08-18,Mastercard,8006 2222 3333 8007
68,Lucy,Smith,234 Elm St Unit 5050,555-789-0123,2023-08-17,Paypal,9007 2222 3333 9008
69,Jack,Johnson,567 Maple St Apt 5151,555-890-1234,2023-08-16,Visa,1008 2222 3333 1009
70,Amelia,Williams,890 Cedar St Unit 5252,555-901-2345,2023-08-15,Mastercard,2009 2222 3333 2000
71,Oliver,King,123 Elm St,555-012-3456,2023-08-14,Paypal,3000 3333 4444 3001
72,Lucy,Moore,456 Cedar St Apt 5353,555-123-4567,2023-08-13,Visa,4001 3333 4444 4002
73,Jack,Taylor,789 Birch St Unit 5454,555-234-5678,2023-08-12,Mastercard,5002 3333 4444 5003
74,Amelia,Hall,1011 Oak St,555-345-6789,2023-08-11,Paypal,6003 3333 4444 6004
75,Oliver,Miller,234 Maple St Apt 5555,555-456-7890,2023-08-10,Visa,7004 3333 4444 7005
76,Lucy,Scott,567 Redwood St Unit 5656,555-567-8901,2023-08-09,Mastercard,8005 3333 4444 8006
77,Jack,Turner,890 Elm St Apt 5757,555-678-9012,2023-08-08,Paypal,9006 3333 4444 9007
78,Amelia,Walker,1234 Oak St Unit 5858,555-789-0123,2023-08-07,Visa,1007 3333 4444 1008
79,Oliver,Evans,456 Maple St Apt 5959,555-890-1234,2023-08-06,Mastercard,2008 3333 4444 2009
80,Lucy,Roberts,789 Cedar St Unit 6060,555-901-2345,2023-08-05,Paypal,3009 3333 4444 3000
81,Jack,Smith,1011 Elm St,555-012-3456,2023-08-04,Visa,4000 4444 5555 4001
82,Amelia,Williams,234 Redwood St Apt 6161,555-123-4567,2023-08-03,Mastercard,5001 4444 5555 5002
83,Oliver,Johnson,567 Cedar St Unit 6262,555-234-5678,2023-08-02,Paypal,6002 4444 5555 6003
84,Lucy,Hall,890 Elm St Apt 6363,555-345-6789,2023-08-01,Visa,7003 4444 5555 7004
85,Jack,King,1234 Oak St Unit 6464,555-456-7890,2023-07-31,Mastercard,8004 4444 5555 8005
86,Amelia,Moore,456 Birch St Apt 6565,555-567-8901,2023-07-30,Paypal,9005 4444 5555 9006
87,Oliver,Turner,789 Pine St Unit 6666,555-678-9012,2023-07-29,Visa,1006 4444 5555 1007
88,Lucy,Wilson,1011 Cedar St,555-789-0123,2023-07-28,Mastercard,2007 4444 5555 2008
89,Jack,Scott,234 Elm St Apt 6767,555-890-1234,2023-07-27,Paypal,3008 4444 5555 3009
90,Amelia,Roberts,567 Redwood St Unit 6868,555-901-2345,2023-07-26,Visa,4009 4444 5555 4000
91,Oliver,Brown,890 Oak St Apt 6969,555-012-3456,2023-07-25,Mastercard,5000 5555 6666 5001
92,Lucy,Adams,123 Elm St Unit 7070,555-123-4567,2023-07-24,Paypal,6001 5555 6666 6002
93,Jack,Walker,456 Cedar St Apt 7171,555-234-5678,2023-07-23,Visa,7002 5555 6666 7003
94,Amelia,Hall,789 Redwood St Unit 7272,555-345-6789,2023-07-22,Mastercard,8003 5555 6666 8004
95,Oliver,King,1011 Pine St Apt 7373,555-456-7890,2023-07-21,Paypal,9004 5555 6666 9005
96,Lucy,Smith,234 Cedar St Unit 7474,555-567-8901,2023-07-20,Visa,1005 5555 6666 1006
97,Jack,Johnson,567 Elm St Apt 7575,555-678-9012,2023-07-19,Mastercard,2006 5555 6666 2007
98,Amelia,Williams,890 Birch St Unit 7676,555-789-0123,2023-07-18,Paypal,3007 5555 6666 3008
99,Oliver,Miller,1234 Oak St Apt 7777,555-890-1234,2023-07-17,Visa,4008 5555 6666 4009